vrsta;naziv;sifra;marka;jedinica_mjere;cijena_za_jedinicu_mjere_eur;maloprodajna_cijena_eur;poseban_oblik_prodaje;naziv_posebnog_oblika_prodaje;sidrena_cijena_eur;barkod;dostupnost;datum_sidrene_cijene;datum_i_vrijeme_cjenikaproizvod;BrushBlender&co. - sapun za pranje spužvica i četkica - 60 gr;;ndg makeup;;;10.0;ne;;;;nedostupno;10.9.2026.;25.09.2026 06:38
proizvod;BrushBlender&co. - sapun za pranje spužvica i četkica - 100 gr;;ndg makeup;;;14.0;ne;;;;dostupno;10.9.2026.;25.09.2026 06:38
proizvod;Makeup blender;;ndg makeup;;;6.0;ne;;;;dostupno;10.9.2026.;25.09.2026 06:38
proizvod;Parcijalne trepavice 8-12mm - 8mm 10p rijeđe;;ndg makeup;;;5.0;ne;;;;dostupno;10.9.2026.;25.09.2026 06:38
proizvod;Parcijalne trepavice 8-12mm - 8mm 20p gušće;;ndg makeup;;;5.0;ne;;;;dostupno;10.9.2026.;25.09.2026 06:38
proizvod;Parcijalne trepavice 8-12mm - 10mm 10p rijeđe;;ndg makeup;;;5.0;ne;;;;dostupno;10.9.2026.;25.09.2026 06:38
proizvod;Parcijalne trepavice 8-12mm - 10mm 20p gušće;;ndg makeup;;;5.0;ne;;;;dostupno;10.9.2026.;25.09.2026 06:38
proizvod;Parcijalne trepavice 8-12mm - 11mm 10p rijeđe;;ndg makeup;;;5.0;ne;;;;dostupno;10.9.2026.;25.09.2026 06:38
proizvod;Parcijalne trepavice 8-12mm - 11mm 20p gušće;;ndg makeup;;;5.0;ne;;;;dostupno;10.9.2026.;25.09.2026 06:38
proizvod;Parcijalne trepavice 8-12mm - 12mm 10p rijeđe;;ndg makeup;;;5.0;ne;;;;dostupno;10.9.2026.;25.09.2026 06:38
proizvod;Parcijalne trepavice 8-12mm - 12mm 20p gušće;;ndg makeup;;;5.0;ne;;;;dostupno;10.9.2026.;25.09.2026 06:38
proizvod;Parcijalne trepavice dramatic;;ndg makeup;;;5.5;ne;;;;dostupno;10.9.2026.;25.09.2026 06:38
proizvod;Jednokratni aplikatori za maskaru/obrve;;ndg makeup;;;7.0;ne;;;;nedostupno;10.9.2026.;25.09.2026 06:38
proizvod;BrushBlender&co. spray cleaner - 100 ml;;ndg makeup;;;9.99;ne;;;;dostupno;10.9.2026.;25.09.2026 06:38
proizvod;BrushBlender&co. spray cleaner - 250 ml;;ndg makeup;;;18.0;ne;;;;nedostupno;10.9.2026.;25.09.2026 06:38
proizvod;BrushBlender&co. spray cleaner - 500 ml;;ndg makeup;;;28.0;ne;;;;nedostupno;10.9.2026.;25.09.2026 06:38
proizvod;Paleta i špatula;;ndg makeup;;;10.0;ne;;;;dostupno;10.9.2026.;25.09.2026 06:38
proizvod;Jednokratni aplikatori za usne;;ndg makeup;;;7.0;ne;;;;dostupno;10.9.2026.;25.09.2026 06:38
proizvod;Pamučni štapići;;ndg makeup;;;4.0;ne;;;;dostupno;10.9.2026.;25.09.2026 06:38
proizvod;E4 četkica za oči;;ndg makeup;;;4.0;ne;;;;dostupno;10.9.2026.;25.09.2026 06:38
proizvod;E3 četkica za oči;;ndg makeup;;;4.0;ne;;;;dostupno;10.9.2026.;25.09.2026 06:38
proizvod;E2 četkica za oči;;ndg makeup;;;4.0;ne;;;;dostupno;10.9.2026.;25.09.2026 06:38
proizvod;E7 četkica za oči;;ndg makeup;;;6.0;ne;;;;dostupno;10.9.2026.;25.09.2026 06:38
proizvod;E5 četkica za oči;;ndg makeup;;;6.0;ne;;;;dostupno;10.9.2026.;25.09.2026 06:38
proizvod;E1 četkica za oči;;ndg makeup;;;4.0;ne;;;;dostupno;10.9.2026.;25.09.2026 06:38
proizvod;E6 četkica za oči;;ndg makeup;;;6.0;ne;;;;dostupno;10.9.2026.;25.09.2026 06:38
proizvod;E8 četkica za oči;;ndg makeup;;;6.0;ne;;;;dostupno;10.9.2026.;25.09.2026 06:38
proizvod;Parcijalne trepavice "not so dramatic";;ndg makeup;;;7.0;ne;;;;nedostupno;10.9.2026.;25.09.2026 06:38
proizvod;F1 četkica za lice;;ndg makeup;;;10.0;ne;;;;nedostupno;10.9.2026.;25.09.2026 06:38
proizvod;1. online edukacija- bronzy full glam;learnworlds_bronzyfullglam;LearnWorlds;;;25.0;ne;;;;dostupno;10.9.2026.;25.09.2026 06:38
proizvod;Brush guard - mrežice za kistove;;ndg makeup;;;4.0;ne;;;;dostupno;10.9.2026.;25.09.2026 06:38
proizvod;Bridal glam;learnworlds_bridal-glam;LearnWorlds;;;25.0;ne;;;;dostupno;10.9.2026.;25.09.2026 06:38
proizvod;F2 četkica za lice;;ndg makeup;;;10.0;ne;;;;dostupno;10.9.2026.;25.09.2026 06:38
proizvod;Dodatni štapići za mixer;;ndg makeup;;;1.5;da;Sniženje;;;dostupno;10.9.2026.;25.09.2026 06:38
proizvod;F4 četkica za lice;;ndg makeup;;;10.0;ne;;9.5;;dostupno;10.09.2026.;25.09.2026 06:38
proizvod;F3 četkica za lice;;ndg makeup;;;10.0;ne;;10.0;;dostupno;10.09.2026.;25.09.2026 06:38
proizvod;E9 četkica za eyeliner;;ndg makeup;;;5.0;ne;;;;nedostupno;10.9.2026.;25.09.2026 06:38
proizvod;Beauty Pouch;;ndg makeup;;;9.99;ne;;;;dostupno;10.9.2026.;25.09.2026 06:38
proizvod;L1 četkica za usne;;ndg makeup;;;5.0;ne;;;;dostupno;10.9.2026.;25.09.2026 06:38
proizvod;Y češljić;;ndg makeup;;;2.0;da;Sniženje;;;dostupno;10.9.2026.;25.09.2026 06:38
proizvod;Četkica za čiščenje trepavica;;ndg makeup;;;1.5;da;Sniženje;;;dostupno;10.9.2026.;25.09.2026 06:38
proizvod;E10 spoolie za obrve i kosa četkica;;ndg makeup;;;5.0;ne;;;;dostupno;10.9.2026.;25.09.2026 06:38
proizvod;Igla za izolaciju trepavica - Bijela;;ndg makeup;;;5.0;da;Sniženje;;;dostupno;10.9.2026.;25.09.2026 06:38
proizvod;Igla za izolaciju trepavica - Crna;;ndg makeup;;;5.0;da;Sniženje;;;dostupno;10.9.2026.;25.09.2026 06:38
proizvod;NDG makeup web shop poklon bon - €10.00;;ndg makeup;;;10.0;ne;;;;dostupno;10.9.2026.;25.09.2026 06:38
proizvod;NDG makeup web shop poklon bon - €25.00;;ndg makeup;;;25.0;ne;;;;dostupno;10.9.2026.;25.09.2026 06:38
proizvod;NDG makeup web shop poklon bon - €50.00;;ndg makeup;;;50.0;ne;;;;dostupno;10.9.2026.;25.09.2026 06:38
proizvod;NDG makeup web shop poklon bon - €100.00;;ndg makeup;;;100.0;ne;;;;dostupno;10.9.2026.;25.09.2026 06:38
proizvod;Set četkica za lice;;ndg makeup;;;30.0;da;Sniženje;25.5;;nedostupno;10.09.2026.;25.09.2026 06:38
proizvod;Full face set četkica;;ndg makeup;;;70.0;da;Sniženje;;;nedostupno;10.9.2026.;25.09.2026 06:38
proizvod;Set od 11 četkica za oči;;ndg makeup;;;40.0;da;Sniženje;;;nedostupno;10.9.2026.;25.09.2026 06:38
proizvod;Set blenderica za oči;;ndg makeup;;;20.0;da;Sniženje;;;dostupno;10.9.2026.;25.09.2026 06:38
proizvod;Set preciznih četkica za oči;;ndg makeup;;;15.0;da;Sniženje;;;dostupno;10.9.2026.;25.09.2026 06:38
proizvod;BUNDLE BrushBlender&co. sapun + zaštitne mrežice za četkice - 60 gr;;ndg makeup;;;12.0;ne;;;;nedostupno;10.9.2026.;25.09.2026 06:38
proizvod;BUNDLE BrushBlender&co. sapun + zaštitne mrežice za četkice - 100 gr;;ndg makeup;;;16.0;ne;;;;dostupno;10.9.2026.;25.09.2026 06:38
proizvod;BUNDLE BrushBlender&co. sapun + makeup blender - 60 gr;;ndg makeup;;;14.0;ne;;;;nedostupno;10.9.2026.;25.09.2026 06:38
proizvod;BUNDLE BrushBlender&co. sapun + makeup blender - 100 gr;;ndg makeup;;;18.0;ne;;;;dostupno;10.9.2026.;25.09.2026 06:38
proizvod;BUNDLE BrushBlender&co. SPRAY CLEANER + SAPUN - 60 gr / 250 ml;;ndg makeup;;;26.0;ne;;;;nedostupno;10.9.2026.;25.09.2026 06:38
proizvod;BUNDLE BrushBlender&co. SPRAY CLEANER + SAPUN - 60 gr / 500 ml;;ndg makeup;;;36.0;ne;;;;nedostupno;10.9.2026.;25.09.2026 06:38
proizvod;BUNDLE BrushBlender&co. SPRAY CLEANER + SAPUN - 100 gr / 250 ml;;ndg makeup;;;30.0;ne;;;;nedostupno;10.9.2026.;25.09.2026 06:38
proizvod;BUNDLE BrushBlender&co. SPRAY CLEANER + SAPUN - 100 gr / 500 ml;;ndg makeup;;;40.0;ne;;;;nedostupno;10.9.2026.;25.09.2026 06:38
proizvod;BUNDLE BrushBlender&co. SPRAY CLEANER + SAPUN - 60 gr / 100 ml;;ndg makeup;;;17.99;ne;;;;nedostupno;10.9.2026.;25.09.2026 06:38
proizvod;BUNDLE BrushBlender&co. SPRAY CLEANER + SAPUN - 100 gr / 100 ml;;ndg makeup;;;21.99;ne;;;;dostupno;10.9.2026.;25.09.2026 06:38
proizvod;BUNDLE BrushBlender&co. SPRAY CLEANER + SAPUN + BLENDER - 60 gr / 250 ml;;ndg makeup;;;32.0;ne;;;;nedostupno;10.9.2026.;25.09.2026 06:38
proizvod;BUNDLE BrushBlender&co. SPRAY CLEANER + SAPUN + BLENDER - 60 gr / 500 ml;;ndg makeup;;;42.0;ne;;;;nedostupno;10.9.2026.;25.09.2026 06:38
proizvod;BUNDLE BrushBlender&co. SPRAY CLEANER + SAPUN + BLENDER - 100 gr / 250 ml;;ndg makeup;;;36.0;ne;;;;nedostupno;10.9.2026.;25.09.2026 06:38
proizvod;BUNDLE BrushBlender&co. SPRAY CLEANER + SAPUN + BLENDER - 100 gr / 500 ml;;ndg makeup;;;46.0;ne;;;;nedostupno;10.9.2026.;25.09.2026 06:38
proizvod;BUNDLE BrushBlender&co. SPRAY CLEANER + SAPUN + BLENDER - 60 gr / 100 ml;;ndg makeup;;;23.99;ne;;;;nedostupno;10.9.2026.;25.09.2026 06:38
proizvod;BUNDLE BrushBlender&co. SPRAY CLEANER + SAPUN + BLENDER - 100 gr / 100 ml;;ndg makeup;;;27.99;ne;;;;dostupno;10.9.2026.;25.09.2026 06:38

usluga;Profesionalno šminkanje;;NDG makeup studio;;;0.00;ne;;0.00;;dostupno;10.9.2026.;25.09.2026 06:38
usluga;Šminkanje za vjenčanja;;NDG makeup studio;;;0.00;ne;;0.00;;dostupno;10.9.2026.;25.09.2026 06:38
usluga;Spray tan;;NDG makeup studio;;;0.00;ne;;0.00;;dostupno;10.9.2026.;25.09.2026 06:38
usluga;Lash lift;;NDG makeup studio;;;0.00;ne;;0.00;;dostupno;10.9.2026.;25.09.2026 06:38
usluga;Brow lift;;NDG makeup studio;;;0.00;ne;;0.00;;dostupno;10.9.2026.;25.09.2026 06:38
usluga;Threading;;NDG makeup studio;;;0.00;ne;;0.00;;dostupno;10.9.2026.;25.09.2026 06:38
usluga;Makeup edukacija;;NDG makeup studio;;;0.00;ne;;0.00;;dostupno;10.9.2026.;25.09.2026 06:38
usluga;Spray tan edukacija;;NDG makeup studio;;;0.00;ne;;0.00;;dostupno;10.9.2026.;25.09.2026 06:38
usluga;Lash lift edukacija;;NDG makeup studio;;;0.00;ne;;0.00;;dostupno;10.9.2026.;25.09.2026 06:38
usluga;Brow lift edukacija;;NDG makeup studio;;;0.00;ne;;0.00;;dostupno;10.9.2026.;25.09.2026 06:38
